{"cameraMode":{"drawMode":0,"name":"Shaded","section":"Shading Mode"},"sceneLighting":false,"audioPlay":false,"sceneViewState":{"showFog":true,"showMaterialUpdate":false,"showSkybox":false,"showFlares":true,"showImageEffects":true,"showParticleSystems":true},"in2DMode":false,"pivot":{"x":4616.15576171875,"y":1911.3560791015625,"z":6149.51904296875},"rotation":{"x":-0.24376866221427918,"y":-0.02124006301164627,"z":0.005340512376278639,"w":-0.9695878624916077},"size":10.0,"orthographic":false}