{"cameraMode":{"drawMode":0,"name":"Shaded","section":"Shading Mode"},"sceneLighting":true,"audioPlay":false,"sceneViewState":{"showFog":true,"showMaterialUpdate":false,"showSkybox":true,"showFlares":true,"showImageEffects":true,"showParticleSystems":true},"in2DMode":false,"pivot":{"x":3646.7060546875,"y":191.7366943359375,"z":5113.22265625},"rotation":{"x":0.11812173575162888,"y":0.4952450096607208,"z":-0.06817686557769776,"w":0.8579941391944885},"size":2463.989501953125,"orthographic":false}